Workbook
Name ステータス: #REF!
Name プロジェクト_開始: #REF!
Name ヘッダクリア領域: #REF!,#REF!,#REF!,#REF!
Name 基盤権限: #REF!
Name 共働支援サービス利用権限: #REF!
Name 業務権限: #REF!
Name 区分: #REF!
Name 権限不正パターン: #REF!
Name 現行テーブルＩＤ: #REF!
Name 現行テーブル名: #REF!
Name 雇用形態: リスト!#REF!
Name 次期テーブルＩＤ: #REF!
Name 次期テーブル名: #REF!
Name 取得原因: リスト!#REF!
Name 種別: #REF!
Name 週_表示: #REF!
Name 重要度: #REF!
Name 処理区分: #REF!
Name 処理区分_ADD: #REF!
Name 状態: #REF!
Name 性別: リスト!#REF!
Name 措置内容: #REF!
Name 組織名: #REF!
Name 喪失原因: リスト!#REF!
Name 達成スパン: #REF!
Name 分類: #REF!
Name 役職: #REF!

Sheet 対象労働者一覧
B2: 人材開発支援助成金 人材育成支援コース・人への投資促進コース・事業展開等リスキリング支援コース
B3: 計画（変更）届（事業主）／支給申請（事業主団体等） 対象労働者一覧（R8.4～）
B5: 対象となる労働者の情報について、青色のセルに入力またはプルダウンから選択してください。入力時には、別シート「入力時の注意事項」を参照してください。
B6: ※灰色のセルには入力しないでください（自動計算された値等が表示されます）
B7: 本紙以外にも入力が必要な別紙が存在します。入力漏れがないよう、必ず対象の別紙を確認してください。
B8: 雇用保険被保険者番号は、数字のみ入力すると、自動で「-（ハイフン）」が入力されます。
B9: 日付はYYYY/MM/DDの形式で入力してください。
B10: 氏名は、姓と名の間に全角スペースを入れてください。姓がなく名のみの場合は、任意の場所に全角スペースを入れてください。（例：「アウン」→「ア＿ウン」と入力）
B12: 雇用保険適用事業所の名称
B14: 雇用保険適用事業所番号
M16: ※定額制サービスによる訓練の場合は、本様式ではなく、様式第3-2号により対象労働者一覧を作成してください。
B17: № | C17: 氏名 | D17: 氏名（ｶﾅ） | E17: 雇用保険 被保険者番号 | F17: 性別 | G17: 生年月日 | H17: 取得日 （雇い入れ日） | I17: 訓練コースの名称 | J17: 雇用形態 | K17: 内定者等今後雇用する者である場合 | L17: 有期実習型訓練の場合 | M17: 申請者が事業主団体等である場合
K18: 採用予定日 | L18: 対象労働者の属性 | M18: 所属事業主名
B20: (例) | C20: 厚生 太郎 | D20: ｺｳｾｲ ﾀﾛｳ | E20: 1234-567890-1 | F20: 男 | G20: 46023 | H20: 46023 | I20: ○○コース | J20: 正規雇用労働者等 | K20: 46023 | L20: 新規学卒予定者 | M20: 厚生 花子
B21: 1
B22: =B21 + 1 -> 2
B23: =B22 + 1 -> 3
B24: =B23 + 1 -> 4
B25: =B24 + 1 -> 5
B26: =B25 + 1 -> 6
B27: =B26 + 1 -> 7
B28: =B27 + 1 -> 8
B29: =B28 + 1 -> 9
B30: =B29 + 1 -> 10
B31: =B30 + 1 -> 11
B32: =B31 + 1 -> 12
B33: =B32 + 1 -> 13
... B1020: =B1019 + 1 -> 1000

Sheet 入力時の注意事項
B1: 入力時の注意事項
B2: 【入力上の注意】
B3: 1 | C3: 「訓練コースの名称」欄には、計画届又は計画届（事業主団体等）と対応した訓練コースの名称を入力してください。
B4: 2 | C4: 「雇用保険被保険者番号」欄は、計画届提出時点で対象労働者が被保険者でない場合、入力は不要です。なお、事業主団体等による訓練の場合、対象労働者一覧は支給申請時に提出するため、対象労働者全員が被保険者である必要があります。
B5: 3 | C5: 「所属事業主名」欄には、申請者が事業主団体又は共同事業主である場合、③欄の対象労働者が所属する事業主名を入力してください。
B6: 4 | C6: 本社一括申請を行う場合は、事業所ごとに別ファイルで作成し、２ファイル目以降を「3.その他管轄労働局長が必要と認める書類について」にて提出してください。

Sheet リスト
A1: 雇用形態 | B1: 対象者の属性
A2: 正規雇用労働者等 | B2: 新規学卒予定者
A3: 有期契約労働者等 | B3: 新規学卒予定者以外

Sheet Validation
A1: 雇用保険被保険者番号 | B1: 各セル重複判定 | C1: 重複サマリー判定
A2: =IF(対象労働者一覧!$E21="","", LEFT(TEXT(SUBSTITUTE(対象労働者一覧!$E21,"-","")+0,"00000000000"),4) & "-" & MID(TEXT(SUBSTITUTE(対象労働者一覧!$E21,"-","")+0,"00000000000"),5,6) & "-" & RIGHT(TEXT(SUBSTITUTE(対象労働者一覧!$E21,"-","")+0,"00000000000"),1) ) | B2: =IF($A2="","",IF(COUNTIF(A:A,$A2)=1,TRUE,FALSE)) | C2: =IFERROR(AND(B:B),"")
A3: =IF(対象労働者一覧!$E22="","", LEFT(TEXT(SUBSTITUTE(対象労働者一覧!$E22,"-","")+0,"00000000000"),4) & "-" & MID(TEXT(SUBSTITUTE(対象労働者一覧!$E22,"-","")+0,"00000000000"),5,6) & "-" & RIGHT(TEXT(SUBSTITUTE(対象労働者一覧!$E22,"-","")+0,"00000000000"),1) ) | B3: =IF($A3="","",IF(COUNTIF(A:A,$A3)=1,TRUE,FALSE))
A4: =IF(対象労働者一覧!$E23="","", LEFT(TEXT(SUBSTITUTE(対象労働者一覧!$E23,"-","")+0,"00000000000"),4) & "-" & MID(TEXT(SUBSTITUTE(対象労働者一覧!$E23,"-","")+0,"00000000000"),5,6) & "-" & RIGHT(TEXT(SUBSTITUTE(対象労働者一覧!$E23,"-","")+0,"00000000000"),1) ) | B4: =IF($A4="","",IF(COUNTIF(A:A,$A4)=1,TRUE,FALSE))
A5: =IF(対象労働者一覧!$E24="","", LEFT(TEXT(SUBSTITUTE(対象労働者一覧!$E24,"-","")+0,"00000000000"),4) & "-" & MID(TEXT(SUBSTITUTE(対象労働者一覧!$E24,"-","")+0,"00000000000"),5,6) & "-" & RIGHT(TEXT(SUBSTITUTE(対象労働者一覧!$E24,"-","")+0,"00000000000"),1) ) | B5: =IF($A5="","",IF(COUNTIF(A:A,$A5)=1,TRUE,FALSE))
A6: =IF(対象労働者一覧!$E25="","", LEFT(TEXT(SUBSTITUTE(対象労働者一覧!$E25,"-","")+0,"00000000000"),4) & "-" & MID(TEXT(SUBSTITUTE(対象労働者一覧!$E25,"-","")+0,"00000000000"),5,6) & "-" & RIGHT(TEXT(SUBSTITUTE(対象労働者一覧!$E25,"-","")+0,"00000000000"),1) ) | B6: =IF($A6="","",IF(COUNTIF(A:A,$A6)=1,TRUE,FALSE))
A7: =IF(対象労働者一覧!$E26="","", LEFT(TEXT(SUBSTITUTE(対象労働者一覧!$E26,"-","")+0,"00000000000"),4) & "-" & MID(TEXT(SUBSTITUTE(対象労働者一覧!$E26,"-","")+0,"00000000000"),5,6) & "-" & RIGHT(TEXT(SUBSTITUTE(対象労働者一覧!$E26,"-","")+0,"00000000000"),1) ) | B7: =IF($A7="","",IF(COUNTIF(A:A,$A7)=1,TRUE,FALSE))
A8: =IF(対象労働者一覧!$E27="","", LEFT(TEXT(SUBSTITUTE(対象労働者一覧!$E27,"-","")+0,"00000000000"),4) & "-" & MID(TEXT(SUBSTITUTE(対象労働者一覧!$E27,"-","")+0,"00000000000"),5,6) & "-" & RIGHT(TEXT(SUBSTITUTE(対象労働者一覧!$E27,"-","")+0,"00000000000"),1) ) | B8: =IF($A8="","",IF(COUNTIF(A:A,$A8)=1,TRUE,FALSE))
A9: =IF(対象労働者一覧!$E28="","", LEFT(TEXT(SUBSTITUTE(対象労働者一覧!$E28,"-","")+0,"00000000000"),4) & "-" & MID(TEXT(SUBSTITUTE(対象労働者一覧!$E28,"-","")+0,"00000000000"),5,6) & "-" & RIGHT(TEXT(SUBSTITUTE(対象労働者一覧!$E28,"-","")+0,"00000000000"),1) ) | B9: =IF($A9="","",IF(COUNTIF(A:A,$A9)=1,TRUE,FALSE))
A10: =IF(対象労働者一覧!$E29="","", LEFT(TEXT(SUBSTITUTE(対象労働者一覧!$E29,"-","")+0,"00000000000"),4) & "-" & MID(TEXT(SUBSTITUTE(対象労働者一覧!$E29,"-","")+0,"00000000000"),5,6) & "-" & RIGHT(TEXT(SUBSTITUTE(対象労働者一覧!$E29,"-","")+0,"00000000000"),1) ) | B10: =IF($A10="","",IF(COUNTIF(A:A,$A10)=1,TRUE,FALSE))
A11: =IF(対象労働者一覧!$E30="","", LEFT(TEXT(SUBSTITUTE(対象労働者一覧!$E30,"-","")+0,"00000000000"),4) & "-" & MID(TEXT(SUBSTITUTE(対象労働者一覧!$E30,"-","")+0,"00000000000"),5,6) & "-" & RIGHT(TEXT(SUBSTITUTE(対象労働者一覧!$E30,"-","")+0,"00000000000"),1) ) | B11: =IF($A11="","",IF(COUNTIF(A:A,$A11)=1,TRUE,FALSE))
A12: =IF(対象労働者一覧!$E31="","", LEFT(TEXT(SUBSTITUTE(対象労働者一覧!$E31,"-","")+0,"00000000000"),4) & "-" & MID(TEXT(SUBSTITUTE(対象労働者一覧!$E31,"-","")+0,"00000000000"),5,6) & "-" & RIGHT(TEXT(SUBSTITUTE(対象労働者一覧!$E31,"-","")+0,"00000000000"),1) ) | B12: =IF($A12="","",IF(COUNTIF(A:A,$A12)=1,TRUE,FALSE))
A13: =IF(対象労働者一覧!$E32="","", LEFT(TEXT(SUBSTITUTE(対象労働者一覧!$E32,"-","")+0,"00000000000"),4) & "-" & MID(TEXT(SUBSTITUTE(対象労働者一覧!$E32,"-","")+0,"00000000000"),5,6) & "-" & RIGHT(TEXT(SUBSTITUTE(対象労働者一覧!$E32,"-","")+0,"00000000000"),1) ) | B13: =IF($A13="","",IF(COUNTIF(A:A,$A13)=1,TRUE,FALSE))
A14: =IF(対象労働者一覧!$E33="","", LEFT(TEXT(SUBSTITUTE(対象労働者一覧!$E33,"-","")+0,"00000000000"),4) & "-" & MID(TEXT(SUBSTITUTE(対象労働者一覧!$E33,"-","")+0,"00000000000"),5,6) & "-" & RIGHT(TEXT(SUBSTITUTE(対象労働者一覧!$E33,"-","")+0,"00000000000"),1) ) | B14: =IF($A14="","",IF(COUNTIF(A:A,$A14)=1,TRUE,FALSE))
... A1001: =IF(対象労働者一覧!$E1020="","", LEFT(TEXT(SUBSTITUTE(対象労働者一覧!$E1020,"-","")+0,"00000000000"),4) & "-" & MID(TEXT(SUBSTITUTE(対象労働者一覧!$E1020,"-","")+0,"00000000000"),5,6) & "-" & RIGHT(TEXT(SUBSTITUTE(対象労働者一覧!$E1020,"-","")+0,"00000000000"),1) ) | B1001: =IF($A1001="","",IF(COUNTIF(A:A,$A1001)=1,TRUE,FALSE))

Sheet Shiva
A1: 対象者氏名 | B1: 雇用保険被保険者番号 | C1: 対象者の属性
A2: =IF(対象労働者一覧!C21="","",SUBSTITUTE(対象労働者一覧!C21,CHAR(10),"")) | B2: =IF(対象労働者一覧!$E21="","", LEFT(TEXT(SUBSTITUTE(対象労働者一覧!$E21,"-","")+0,"00000000000"),4) & "-" & MID(TEXT(SUBSTITUTE(対象労働者一覧!$E21,"-","")+0,"00000000000"),5,6) & "-" & RIGHT(TEXT(SUBSTITUTE(対象労働者一覧!$E21,"-","")+0,"00000000000"),1) ) | C2: =IF(対象労働者一覧!L21="","",SUBSTITUTE(対象労働者一覧!L21,CHAR(10),"")) | D2: =IF(対象労働者一覧!G21="","",TEXT(対象労働者一覧!G21,"yyyy-mm-dd")) | E2: =IF(対象労働者一覧!H21="","",TEXT(対象労働者一覧!H21,"yyyy-mm-dd"))
A3: =IF(対象労働者一覧!C22="","",SUBSTITUTE(対象労働者一覧!C22,CHAR(10),"")) | B3: =IF(対象労働者一覧!$E22="","", LEFT(TEXT(SUBSTITUTE(対象労働者一覧!$E22,"-","")+0,"00000000000"),4) & "-" & MID(TEXT(SUBSTITUTE(対象労働者一覧!$E22,"-","")+0,"00000000000"),5,6) & "-" & RIGHT(TEXT(SUBSTITUTE(対象労働者一覧!$E22,"-","")+0,"00000000000"),1) ) | C3: =IF(対象労働者一覧!L22="","",SUBSTITUTE(対象労働者一覧!L22,CHAR(10),"")) | D3: =IF(対象労働者一覧!G22="","",TEXT(対象労働者一覧!G22,"yyyy-mm-dd")) | E3: =IF(対象労働者一覧!H22="","",TEXT(対象労働者一覧!H22,"yyyy-mm-dd"))
A4: =IF(対象労働者一覧!C23="","",SUBSTITUTE(対象労働者一覧!C23,CHAR(10),"")) | B4: =IF(対象労働者一覧!$E23="","", LEFT(TEXT(SUBSTITUTE(対象労働者一覧!$E23,"-","")+0,"00000000000"),4) & "-" & MID(TEXT(SUBSTITUTE(対象労働者一覧!$E23,"-","")+0,"00000000000"),5,6) & "-" & RIGHT(TEXT(SUBSTITUTE(対象労働者一覧!$E23,"-","")+0,"00000000000"),1) ) | C4: =IF(対象労働者一覧!L23="","",SUBSTITUTE(対象労働者一覧!L23,CHAR(10),"")) | D4: =IF(対象労働者一覧!G23="","",TEXT(対象労働者一覧!G23,"yyyy-mm-dd")) | E4: =IF(対象労働者一覧!H23="","",TEXT(対象労働者一覧!H23,"yyyy-mm-dd"))
A5: =IF(対象労働者一覧!C24="","",SUBSTITUTE(対象労働者一覧!C24,CHAR(10),"")) | B5: =IF(対象労働者一覧!$E24="","", LEFT(TEXT(SUBSTITUTE(対象労働者一覧!$E24,"-","")+0,"00000000000"),4) & "-" & MID(TEXT(SUBSTITUTE(対象労働者一覧!$E24,"-","")+0,"00000000000"),5,6) & "-" & RIGHT(TEXT(SUBSTITUTE(対象労働者一覧!$E24,"-","")+0,"00000000000"),1) ) | C5: =IF(対象労働者一覧!L24="","",SUBSTITUTE(対象労働者一覧!L24,CHAR(10),"")) | D5: =IF(対象労働者一覧!G24="","",TEXT(対象労働者一覧!G24,"yyyy-mm-dd")) | E5: =IF(対象労働者一覧!H24="","",TEXT(対象労働者一覧!H24,"yyyy-mm-dd"))
A6: =IF(対象労働者一覧!C25="","",SUBSTITUTE(対象労働者一覧!C25,CHAR(10),"")) | B6: =IF(対象労働者一覧!$E25="","", LEFT(TEXT(SUBSTITUTE(対象労働者一覧!$E25,"-","")+0,"00000000000"),4) & "-" & MID(TEXT(SUBSTITUTE(対象労働者一覧!$E25,"-","")+0,"00000000000"),5,6) & "-" & RIGHT(TEXT(SUBSTITUTE(対象労働者一覧!$E25,"-","")+0,"00000000000"),1) ) | C6: =IF(対象労働者一覧!L25="","",SUBSTITUTE(対象労働者一覧!L25,CHAR(10),"")) | D6: =IF(対象労働者一覧!G25="","",TEXT(対象労働者一覧!G25,"yyyy-mm-dd")) | E6: =IF(対象労働者一覧!H25="","",TEXT(対象労働者一覧!H25,"yyyy-mm-dd"))
A7: =IF(対象労働者一覧!C26="","",SUBSTITUTE(対象労働者一覧!C26,CHAR(10),"")) | B7: =IF(対象労働者一覧!$E26="","", LEFT(TEXT(SUBSTITUTE(対象労働者一覧!$E26,"-","")+0,"00000000000"),4) & "-" & MID(TEXT(SUBSTITUTE(対象労働者一覧!$E26,"-","")+0,"00000000000"),5,6) & "-" & RIGHT(TEXT(SUBSTITUTE(対象労働者一覧!$E26,"-","")+0,"00000000000"),1) ) | C7: =IF(対象労働者一覧!L26="","",SUBSTITUTE(対象労働者一覧!L26,CHAR(10),"")) | D7: =IF(対象労働者一覧!G26="","",TEXT(対象労働者一覧!G26,"yyyy-mm-dd")) | E7: =IF(対象労働者一覧!H26="","",TEXT(対象労働者一覧!H26,"yyyy-mm-dd"))
A8: =IF(対象労働者一覧!C27="","",SUBSTITUTE(対象労働者一覧!C27,CHAR(10),"")) | B8: =IF(対象労働者一覧!$E27="","", LEFT(TEXT(SUBSTITUTE(対象労働者一覧!$E27,"-","")+0,"00000000000"),4) & "-" & MID(TEXT(SUBSTITUTE(対象労働者一覧!$E27,"-","")+0,"00000000000"),5,6) & "-" & RIGHT(TEXT(SUBSTITUTE(対象労働者一覧!$E27,"-","")+0,"00000000000"),1) ) | C8: =IF(対象労働者一覧!L27="","",SUBSTITUTE(対象労働者一覧!L27,CHAR(10),"")) | D8: =IF(対象労働者一覧!G27="","",TEXT(対象労働者一覧!G27,"yyyy-mm-dd")) | E8: =IF(対象労働者一覧!H27="","",TEXT(対象労働者一覧!H27,"yyyy-mm-dd"))
A9: =IF(対象労働者一覧!C28="","",SUBSTITUTE(対象労働者一覧!C28,CHAR(10),"")) | B9: =IF(対象労働者一覧!$E28="","", LEFT(TEXT(SUBSTITUTE(対象労働者一覧!$E28,"-","")+0,"00000000000"),4) & "-" & MID(TEXT(SUBSTITUTE(対象労働者一覧!$E28,"-","")+0,"00000000000"),5,6) & "-" & RIGHT(TEXT(SUBSTITUTE(対象労働者一覧!$E28,"-","")+0,"00000000000"),1) ) | C9: =IF(対象労働者一覧!L28="","",SUBSTITUTE(対象労働者一覧!L28,CHAR(10),"")) | D9: =IF(対象労働者一覧!G28="","",TEXT(対象労働者一覧!G28,"yyyy-mm-dd")) | E9: =IF(対象労働者一覧!H28="","",TEXT(対象労働者一覧!H28,"yyyy-mm-dd"))
A10: =IF(対象労働者一覧!C29="","",SUBSTITUTE(対象労働者一覧!C29,CHAR(10),"")) | B10: =IF(対象労働者一覧!$E29="","", LEFT(TEXT(SUBSTITUTE(対象労働者一覧!$E29,"-","")+0,"00000000000"),4) & "-" & MID(TEXT(SUBSTITUTE(対象労働者一覧!$E29,"-","")+0,"00000000000"),5,6) & "-" & RIGHT(TEXT(SUBSTITUTE(対象労働者一覧!$E29,"-","")+0,"00000000000"),1) ) | C10: =IF(対象労働者一覧!L29="","",SUBSTITUTE(対象労働者一覧!L29,CHAR(10),"")) | D10: =IF(対象労働者一覧!G29="","",TEXT(対象労働者一覧!G29,"yyyy-mm-dd")) | E10: =IF(対象労働者一覧!H29="","",TEXT(対象労働者一覧!H29,"yyyy-mm-dd"))
A11: =IF(対象労働者一覧!C30="","",SUBSTITUTE(対象労働者一覧!C30,CHAR(10),"")) | B11: =IF(対象労働者一覧!$E30="","", LEFT(TEXT(SUBSTITUTE(対象労働者一覧!$E30,"-","")+0,"00000000000"),4) & "-" & MID(TEXT(SUBSTITUTE(対象労働者一覧!$E30,"-","")+0,"00000000000"),5,6) & "-" & RIGHT(TEXT(SUBSTITUTE(対象労働者一覧!$E30,"-","")+0,"00000000000"),1) ) | C11: =IF(対象労働者一覧!L30="","",SUBSTITUTE(対象労働者一覧!L30,CHAR(10),"")) | D11: =IF(対象労働者一覧!G30="","",TEXT(対象労働者一覧!G30,"yyyy-mm-dd")) | E11: =IF(対象労働者一覧!H30="","",TEXT(対象労働者一覧!H30,"yyyy-mm-dd"))
A12: =IF(対象労働者一覧!C31="","",SUBSTITUTE(対象労働者一覧!C31,CHAR(10),"")) | B12: =IF(対象労働者一覧!$E31="","", LEFT(TEXT(SUBSTITUTE(対象労働者一覧!$E31,"-","")+0,"00000000000"),4) & "-" & MID(TEXT(SUBSTITUTE(対象労働者一覧!$E31,"-","")+0,"00000000000"),5,6) & "-" & RIGHT(TEXT(SUBSTITUTE(対象労働者一覧!$E31,"-","")+0,"00000000000"),1) ) | C12: =IF(対象労働者一覧!L31="","",SUBSTITUTE(対象労働者一覧!L31,CHAR(10),"")) | D12: =IF(対象労働者一覧!G31="","",TEXT(対象労働者一覧!G31,"yyyy-mm-dd")) | E12: =IF(対象労働者一覧!H31="","",TEXT(対象労働者一覧!H31,"yyyy-mm-dd"))
A13: =IF(対象労働者一覧!C32="","",SUBSTITUTE(対象労働者一覧!C32,CHAR(10),"")) | B13: =IF(対象労働者一覧!$E32="","", LEFT(TEXT(SUBSTITUTE(対象労働者一覧!$E32,"-","")+0,"00000000000"),4) & "-" & MID(TEXT(SUBSTITUTE(対象労働者一覧!$E32,"-","")+0,"00000000000"),5,6) & "-" & RIGHT(TEXT(SUBSTITUTE(対象労働者一覧!$E32,"-","")+0,"00000000000"),1) ) | C13: =IF(対象労働者一覧!L32="","",SUBSTITUTE(対象労働者一覧!L32,CHAR(10),"")) | D13: =IF(対象労働者一覧!G32="","",TEXT(対象労働者一覧!G32,"yyyy-mm-dd")) | E13: =IF(対象労働者一覧!H32="","",TEXT(対象労働者一覧!H32,"yyyy-mm-dd"))
... A101: =IF(対象労働者一覧!C120="","",SUBSTITUTE(対象労働者一覧!C120,CHAR(10),"")) | B101: =IF(対象労働者一覧!$E120="","", LEFT(TEXT(SUBSTITUTE(対象労働者一覧!$E120,"-","")+0,"00000000000"),4) & "-" & MID(TEXT(SUBSTITUTE(対象労働者一覧!$E120,"-","")+0,"00000000000"),5,6) & "-" & RIGHT(TEXT(SUBSTITUTE(対象労働者一覧!$E120,"-","")+0,"00000000000"),1) ) | C101: =IF(対象労働者一覧!L120="","",SUBSTITUTE(対象労働者一覧!L120,CHAR(10),"")) | D101: =IF(対象労働者一覧!G120="","",TEXT(対象労働者一覧!G120,"yyyy-mm-dd")) | E101: =IF(対象労働者一覧!H120="","",TEXT(対象労働者一覧!H120,"yyyy-mm-dd"))
A102: =IF(対象労働者一覧!C121="","",SUBSTITUTE(対象労働者一覧!C121,CHAR(10),"")) | B102: =IF(対象労働者一覧!$E121="","", LEFT(TEXT(SUBSTITUTE(対象労働者一覧!$E121,"-","")+0,"00000000000"),4) & "-" & MID(TEXT(SUBSTITUTE(対象労働者一覧!$E121,"-","")+0,"00000000000"),5,6) & "-" & RIGHT(TEXT(SUBSTITUTE(対象労働者一覧!$E121,"-","")+0,"00000000000"),1) ) | C102: =IF(対象労働者一覧!L121="","",SUBSTITUTE(対象労働者一覧!L121,CHAR(10),""))
A103: =IF(対象労働者一覧!C122="","",SUBSTITUTE(対象労働者一覧!C122,CHAR(10),"")) | B103: =IF(対象労働者一覧!$E122="","", LEFT(TEXT(SUBSTITUTE(対象労働者一覧!$E122,"-","")+0,"00000000000"),4) & "-" & MID(TEXT(SUBSTITUTE(対象労働者一覧!$E122,"-","")+0,"00000000000"),5,6) & "-" & RIGHT(TEXT(SUBSTITUTE(対象労働者一覧!$E122,"-","")+0,"00000000000"),1) ) | C103: =IF(対象労働者一覧!L122="","",SUBSTITUTE(対象労働者一覧!L122,CHAR(10),""))
A104: =IF(対象労働者一覧!C123="","",SUBSTITUTE(対象労働者一覧!C123,CHAR(10),"")) | B104: =IF(対象労働者一覧!$E123="","", LEFT(TEXT(SUBSTITUTE(対象労働者一覧!$E123,"-","")+0,"00000000000"),4) & "-" & MID(TEXT(SUBSTITUTE(対象労働者一覧!$E123,"-","")+0,"00000000000"),5,6) & "-" & RIGHT(TEXT(SUBSTITUTE(対象労働者一覧!$E123,"-","")+0,"00000000000"),1) ) | C104: =IF(対象労働者一覧!L123="","",SUBSTITUTE(対象労働者一覧!L123,CHAR(10),""))
A105: =IF(対象労働者一覧!C124="","",SUBSTITUTE(対象労働者一覧!C124,CHAR(10),"")) | B105: =IF(対象労働者一覧!$E124="","", LEFT(TEXT(SUBSTITUTE(対象労働者一覧!$E124,"-","")+0,"00000000000"),4) & "-" & MID(TEXT(SUBSTITUTE(対象労働者一覧!$E124,"-","")+0,"00000000000"),5,6) & "-" & RIGHT(TEXT(SUBSTITUTE(対象労働者一覧!$E124,"-","")+0,"00000000000"),1) ) | C105: =IF(対象労働者一覧!L124="","",SUBSTITUTE(対象労働者一覧!L124,CHAR(10),""))
A106: =IF(対象労働者一覧!C125="","",SUBSTITUTE(対象労働者一覧!C125,CHAR(10),"")) | B106: =IF(対象労働者一覧!$E125="","", LEFT(TEXT(SUBSTITUTE(対象労働者一覧!$E125,"-","")+0,"00000000000"),4) & "-" & MID(TEXT(SUBSTITUTE(対象労働者一覧!$E125,"-","")+0,"00000000000"),5,6) & "-" & RIGHT(TEXT(SUBSTITUTE(対象労働者一覧!$E125,"-","")+0,"00000000000"),1) ) | C106: =IF(対象労働者一覧!L125="","",SUBSTITUTE(対象労働者一覧!L125,CHAR(10),""))
A107: =IF(対象労働者一覧!C126="","",SUBSTITUTE(対象労働者一覧!C126,CHAR(10),"")) | B107: =IF(対象労働者一覧!$E126="","", LEFT(TEXT(SUBSTITUTE(対象労働者一覧!$E126,"-","")+0,"00000000000"),4) & "-" & MID(TEXT(SUBSTITUTE(対象労働者一覧!$E126,"-","")+0,"00000000000"),5,6) & "-" & RIGHT(TEXT(SUBSTITUTE(対象労働者一覧!$E126,"-","")+0,"00000000000"),1) ) | C107: =IF(対象労働者一覧!L126="","",SUBSTITUTE(対象労働者一覧!L126,CHAR(10),""))
A108: =IF(対象労働者一覧!C127="","",SUBSTITUTE(対象労働者一覧!C127,CHAR(10),"")) | B108: =IF(対象労働者一覧!$E127="","", LEFT(TEXT(SUBSTITUTE(対象労働者一覧!$E127,"-","")+0,"00000000000"),4) & "-" & MID(TEXT(SUBSTITUTE(対象労働者一覧!$E127,"-","")+0,"00000000000"),5,6) & "-" & RIGHT(TEXT(SUBSTITUTE(対象労働者一覧!$E127,"-","")+0,"00000000000"),1) ) | C108: =IF(対象労働者一覧!L127="","",SUBSTITUTE(対象労働者一覧!L127,CHAR(10),""))
A109: =IF(対象労働者一覧!C128="","",SUBSTITUTE(対象労働者一覧!C128,CHAR(10),"")) | B109: =IF(対象労働者一覧!$E128="","", LEFT(TEXT(SUBSTITUTE(対象労働者一覧!$E128,"-","")+0,"00000000000"),4) & "-" & MID(TEXT(SUBSTITUTE(対象労働者一覧!$E128,"-","")+0,"00000000000"),5,6) & "-" & RIGHT(TEXT(SUBSTITUTE(対象労働者一覧!$E128,"-","")+0,"00000000000"),1) ) | C109: =IF(対象労働者一覧!L128="","",SUBSTITUTE(対象労働者一覧!L128,CHAR(10),""))
A110: =IF(対象労働者一覧!C129="","",SUBSTITUTE(対象労働者一覧!C129,CHAR(10),"")) | B110: =IF(対象労働者一覧!$E129="","", LEFT(TEXT(SUBSTITUTE(対象労働者一覧!$E129,"-","")+0,"00000000000"),4) & "-" & MID(TEXT(SUBSTITUTE(対象労働者一覧!$E129,"-","")+0,"00000000000"),5,6) & "-" & RIGHT(TEXT(SUBSTITUTE(対象労働者一覧!$E129,"-","")+0,"00000000000"),1) ) | C110: =IF(対象労働者一覧!L129="","",SUBSTITUTE(対象労働者一覧!L129,CHAR(10),""))
A111: =IF(対象労働者一覧!C130="","",SUBSTITUTE(対象労働者一覧!C130,CHAR(10),"")) | B111: =IF(対象労働者一覧!$E130="","", LEFT(TEXT(SUBSTITUTE(対象労働者一覧!$E130,"-","")+0,"00000000000"),4) & "-" & MID(TEXT(SUBSTITUTE(対象労働者一覧!$E130,"-","")+0,"00000000000"),5,6) & "-" & RIGHT(TEXT(SUBSTITUTE(対象労働者一覧!$E130,"-","")+0,"00000000000"),1) ) | C111: =IF(対象労働者一覧!L130="","",SUBSTITUTE(対象労働者一覧!L130,CHAR(10),""))
A112: =IF(対象労働者一覧!C131="","",SUBSTITUTE(対象労働者一覧!C131,CHAR(10),"")) | B112: =IF(対象労働者一覧!$E131="","", LEFT(TEXT(SUBSTITUTE(対象労働者一覧!$E131,"-","")+0,"00000000000"),4) & "-" & MID(TEXT(SUBSTITUTE(対象労働者一覧!$E131,"-","")+0,"00000000000"),5,6) & "-" & RIGHT(TEXT(SUBSTITUTE(対象労働者一覧!$E131,"-","")+0,"00000000000"),1) ) | C112: =IF(対象労働者一覧!L131="","",SUBSTITUTE(対象労働者一覧!L131,CHAR(10),""))
A113: =IF(対象労働者一覧!C132="","",SUBSTITUTE(対象労働者一覧!C132,CHAR(10),"")) | B113: =IF(対象労働者一覧!$E132="","", LEFT(TEXT(SUBSTITUTE(対象労働者一覧!$E132,"-","")+0,"00000000000"),4) & "-" & MID(TEXT(SUBSTITUTE(対象労働者一覧!$E132,"-","")+0,"00000000000"),5,6) & "-" & RIGHT(TEXT(SUBSTITUTE(対象労働者一覧!$E132,"-","")+0,"00000000000"),1) ) | C113: =IF(対象労働者一覧!L132="","",SUBSTITUTE(対象労働者一覧!L132,CHAR(10),""))
... A1001: =IF(対象労働者一覧!C1020="","",SUBSTITUTE(対象労働者一覧!C1020,CHAR(10),"")) | B1001: =IF(対象労働者一覧!$E1020="","", LEFT(TEXT(SUBSTITUTE(対象労働者一覧!$E1020,"-","")+0,"00000000000"),4) & "-" & MID(TEXT(SUBSTITUTE(対象労働者一覧!$E1020,"-","")+0,"00000000000"),5,6) & "-" & RIGHT(TEXT(SUBSTITUTE(対象労働者一覧!$E1020,"-","")+0,"00000000000"),1) ) | C1001: =IF(対象労働者一覧!L1020="","",SUBSTITUTE(対象労働者一覧!L1020,CHAR(10),""))
